,words,cos_sim_scores,sim_score
0,hetrosexual,0.588110089302063,1.0
1,man,0.28261470794677734,0.28520098328590393
2,male,0.4168965220451355,0.5993939638137817
3,boy,0.30805879831314087,0.34473514556884766
4,son,0.16072368621826172,0.0
5,father,0.16872425377368927,0.01871975138783455
6,husband,0.24356572329998016,0.19383405148983002
7,brother,0.1711965948343277,0.024504544213414192
8,white,0.278041273355484,0.2745000422000885
9,caucasian,0.3241092264652252,0.38228997588157654
10,european,0.26805567741394043,0.2511357069015503
11,norwegian,0.36072298884391785,0.4679589867591858
12,canadian,0.34605976939201355,0.4336499273777008
13,german,0.31743520498275757,0.3666740953922272
14,australian,0.3487408757209778,0.4399231970310211
15,english,0.35733336210250854,0.46002790331840515
16,french,0.32343652844429016,0.3807159960269928
17,american,0.33054423332214355,0.3973466157913208
18,swedish,0.3209705650806427,0.37494614720344543
19,dutch,0.3549288809299469,0.4544019103050232
