,word1,word2,PMI
0,bisexual,womanomg,17.372656439844857
1,cis,bisexual,13.465765844236339
2,bisexual,partners,11.306567249387085
3,became,bisexual,9.665297307763975
4,bisexual,although,8.030581771845721
5,single,bisexual,7.651557251137675
6,least,bisexual,6.546107952553944
7,bisexual,...,4.011672223870889
