,word1,word2,PMI
0,transgender,couples,12.971777003562673
1,transgender,bathroom,10.899627217806838
2,majority,transgender,9.54982009034404
3,transgender,community,9.183037759672416
4,transgender,issues,9.069827149224425
5,transgender,woman,8.781445791458525
6,transgender,rather,8.079759684435686
7,transgender,person,7.28348185611957
8,use,transgender,6.444600778289541
