,word1,word2,PMI
0,arab,revoltsprotests,16.7481655749371
1,arab,shakers,16.7481655749371
2,arab,commoner,15.7481655749371
3,arab,emirates,15.1632030742159
4,arab,revolt,14.4262374800497
5,neighboring,arab,13.7481655749371
6,arab,minister,11.6188825579921
7,arab,terrorism,11.5002380614935
8,arab,household,11.2246036188801
9,classical,arab,11.1632030742159
10,surrounding,arab,10.9932780727736
11,arab,spring,10.7708856514371
12,arab,israeli,10.4262374800497
13,traditional,arab,9.9668058614124
14,arab,countries,9.80174661514191
15,united,arab,9.13345573082186
16,arab,language,8.89954263450773
17,arab,lives,7.97337851533589
18,arab,states,7.80565106959782
19,totally,arab,7.29078469586453
20,arab,kid,7.1224567318726
21,arab,country,6.98661434249258
22,arab,ones,6.93598826942262
23,arab,head,6.77662202098629
24,arab,world,6.7411383080431
25,arab,run,6.55834101605705
26,arab,name,6.47903889578765
27,whole,arab,6.32610080876425
28,arab,come,5.78961285950605
29,little,arab,5.43982654479766
