,word1,word2,PMI,
0,trans,peopleissues,15.7481655749371,
1,trans,fats,13.5782405734948,
2,categorize,trans,12.9408106528795,
3,autistic,trans,12.1632030742159,
4,trans,visibility,12.1632030742159,
5,trans,idiocy,11.9408106528795,
6,heterosexual,trans,10.9408106528795,
7,trans,folk,10.4627633560748,
8,treats,trans,10.2246036188801,
9,involving,trans,10.1632030742159,
10,accepting,trans,9.86552252557522,
11,manual,trans,9.70377145557861,
12,trans,partners,9.68207638447929,
13,ladies,trans,9.37312614359014,
14,suggested,trans,9.07574023296557,
15,trans,individuals,8.69288313943587,
16,trans,women,8.31950630509458,
17,trans,woman,8.27243214397067,
18,trans,community,7.67402411218456,
19,trans,men,7.42473545488447,
20,truly,trans,7.40386966702125,
21,date,trans,7.26434979767281,
22,attack,trans,7.25631247860739,
23,terms,trans,7.22852932209385,
24,trans,person,6.77446820863171,10.9251212349939
25,public,trans,6.32190082023497,
26,trans,guy,6.11093693720189,
27,trans,people,5.84265321083289,
28,especially,trans,5.82930233766247,
29,trans,kids,5.78238129027498,
30,playing,trans,5.76517200024275,
31,trans,girl,5.7133666123598,
32,trans,gets,5.58577424618016,
33,trans,friend,5.39061357031898,
34,many,trans,5.18068477379402,
35,help,trans,5.05293728344131,
36,reason,trans,4.9999727253476,
37,another,trans,4.8808868352274,
38,trans,part,4.8808868352274,
39,trans,made,4.33612506038541,
40,trans,never,3.81558170564777,
