,word1,word2,PMI,
0,lesbian,whearing,15.9132248212076,
1,lesbian,separatist,14.9132248212076,
2,bitchy,lesbian,12.7432998197652,
3,lesbian,couples,12.6278226023453,
4,lesbian,fling,12.3282623204864,
5,lesbian,lover,11.10586989915,
6,lgbt,lesbian,10.665297307764,
7,teen,lesbian,10.5912967263202,
8,lesbian,circles,10.2985149770924,
9,lesbian,identity,9.5912967263202,
10,lesbian,label,9.40543018100887,
11,lesbian,instant,9.28386820112795,
12,hardcore,lesbian,9.25501333845577,
13,lesbian,activity,8.89085700817911,
14,lesbian,blog,8.79428374848405,
15,whose,lesbian,8.5912967263202,
16,lesbian,sister,8.04286010162416,
17,lesbian,porn,7.7839418042626,
18,lesbian,friends,7.76754736601193,
19,atheist,lesbian,7.6989057004068,
20,obvious,lesbian,7.55128104747232,
21,0,lesbian,7.11880895485745,
22,lesbian,gay,6.85252888952001,
23,lesbian,joke,6.82576197995722,
24,dead,lesbian,6.67482008188248,
25,obviously,lesbian,6.55128104747232,
26,become,lesbian,6.4806829208193,
27,lesbian,parents,6.43951907158815,
28,self,lesbian,6.39949722525512,
29,couple,lesbian,6.23726778826581,
30,lesbian,couple,6.23726778826581,
31,lesbian,sometimes,6.13022661228715,
32,word,lesbian,6.1155632953538,
33,lesbian,sex,6.00483220043381,
34,lesbian,came,5.83107577985369,
35,lesbian,women,5.67721062930748,
36,name,lesbian,5.64409814205814,
37,lesbian,friend,5.55567281658948,
38,life,lesbian,4.60261203954803,
39,new,lesbian,4.51929814556715,
40,lesbian,...,2.55224060523359,
41,one,lesbian,2.43470797353111,8.21461153745952
