,word1,word2,PMI
0,queer,aggie,17.2571792224249
1,queer,activists,13.5567395042838
2,queer,theology,12.6722167217038
3,queer,venue,12.6722167217038
4,queer,anarchist,12.5022917202615
5,openly,queer,11.6424693783097
6,queer,indian,10.9352511275376
7,queer,culture,9.89962721780684
8,queer,eye,8.80185200212036
9,queer,theory,8.67975039438917
10,queer,advice,8.33533828535043
11,queer,community,8.18303775967242
12,totally,queer,7.79979834335239
13,queer,friends,7.78957367234192
14,queer,etc,6.81838736984666
15,saying,queer,6.44019559916954
16,use,queer,5.44460077828954
17,queer,would,3.68886679402731
