,word1,word2,PMI
0,daughter,1yr,14.490013390483
1,daughter,mylar,14.490013390483
2,daughter,takemusu,14.490013390483
3,daughter,reacts,12.490013390483
4,mara,daughter,12.490013390483
5,daughter,disrespected,11.6826584684254
6,youngest,daughter,10.6826584684254
7,newborn,daughter,10.490013390483
8,daughter,screamed,10.3200883890407
9,newest,daughter,10.1680852955957
10,daughter,chooses,9.84615720070829
11,daughter,asks,8.61964867089961
12,grand,daughter,8.37107231775951
13,ladies,daughter,8.11497395913609
14,lovely,daughter,7.95085457937499
15,owners,daughter,7.90505088976186
16,daughter,......,7.78957367234192
17,daughter,cares,7.34026627097833
18,andor,daughter,7.13246138586493
19,old,daughter,6.83752689556486
20,daughter,holding,6.76209293591982
21,daughter,moved,6.24208587703943
22,third,daughter,6.16358390336071
23,daughter,crap,6.11063502341175
24,step,daughter,5.95085457937499
25,father,daughter,5.86796157102664
26,late,daughter,5.80001541906357
27,daughter,early,5.64139045005368
28,daughter,gave,5.47042266212514
29,young,daughter,5.44561927112456
30,middle,daughter,5.36330891763983
31,daughter,okay,5.33519528143091
32,hot,daughter,5.17486382822672
33,daughter,wants,5.12587873547496
34,daughter,says,4.55043417616832
35,daughter,started,4.42257902972649
36,daughter,came,4.40786434912915
37,daughter,left,4.36847987314298
38,second,daughter,4.33646135877491
39,daughter,gets,4.32762206172611
40,daughter,trying,3.61733851021241
41,daughter,getting,3.43608750895191
42,daughter,read,3.40986208086893
43,little,daughter,3.18167436034361
44,new,daughter,3.0960867148426
45,daughter,probably,3.02240784040002
46,years,daughter,2.98519440285018
47,daughter,look,2.91873477196842
48,daughter,said,2.89289196169345
49,daughter,though,2.75530377025718
50,daughter,things,2.72389863289629
51,daughter,could,2.16105802870169
52,...,daughter,1.12902917450905
53,daughter,would,0.921700962085403
54,daughter,like,0.536544428254167
