,word1,word2,PMI
0,s2e7,negro,19.957618940566014
1,negro,jazz,14.498187321928718
2,kill,negro,10.363294336641166
