,word1,word2,PMI,
0,bipanromantic,homosexual,15.9803390170661,
1,homosexual,femalesthese,15.9803390170661,
2,homosexual,transsexuals,14.9803390170661,
3,homosexual,ministers,13.3953765163449,
4,veiled,homosexual,12.3953765163449,
5,homosexual,intercourse,12.0734484214576,
6,clarified,homosexual,11.7324115036225,
7,homosexual,desires,11.6584109221787,
8,homosexual,marriages,11.5880215942873,
9,homosexual,males,11.279899298925,
10,homosexual,offspring,11.279899298925,
11,homosexual,mormons,11.2254515149026,
12,homosexual,relations,10.8104140156238,
13,homosexual,attraction,10.7708856514371,
14,homosexual,stepping,10.7708856514371,
15,pursue,homosexual,10.7324115036225,
16,homosexual,couples,10.6949367982039,
17,raging,homosexual,10.6949367982039,
18,homosexual,domestic,10.279899298925,11.3841926098307
19,homosexual,relationships,10.2343846396726,
20,homosexual,pun,10.1474490029014,
21,homosexual,selection,9.12235802193853,
22,homosexual,acts,9.01455473240401,
23,homosexual,activity,8.95797120403764,
24,homosexual,asian,8.93594489770764,
25,homosexual,individuals,8.92505658156491,
26,becoming,homosexual,8.63161086283502,
27,homosexual,judge,8.23214616747664,
28,homosexual,members,8.07947220908535,
29,homosexual,characters,7.58373423588424,
30,homosexual,male,7.49249898324305,
31,considered,homosexual,7.45677706100909,
32,homosexual,position,7.29734443338442,
33,homosexual,note,7.23887203066495,
34,needed,homosexual,7.2088495475655,
35,homosexual,men,7.07194639629235,
36,society,homosexual,7.04370107806353,
37,homosexual,subreddit,6.98598558020724,
38,homosexual,cannot,6.72059575337532,
39,obviously,homosexual,6.61839524333086,
40,couple,homosexual,6.30438198412435,
41,homosexual,couple,6.30438198412435,
42,homosexual,ones,6.16816171155165,
43,homosexual,sex,6.07194639629235,
44,homosexual,means,5.68916831774424,
45,homosexual,everyone,5.02468910953772,
46,makes,homosexual,4.91156073908068,
47,used,homosexual,4.75091932883568,
48,homosexual,love,4.46414653918673,
49,homosexual,still,3.83982874469788,
50,homosexual,people,2.48986415224076,
