,word1,word2,PMI
0,latino,grocery,13.202731438402544
1,latino,review,12.418460129457983
2,latino,culture,11.015104435226775
3,latino,community,10.298514977092353
4,latino,america,10.27199410083966
5,small,latino,9.364227817774276
