,word1,word2,PMI,
0,hispanic,descent,13.6356908456787,
1,hugely,hispanic,13.5653015177873,
2,hispanic,immigrants,12.3429090964508,
3,nations,hispanic,11.4981873219287,
4,hispanic,families,11.1502640185084,
5,hispanic,andor,10.6000669359479,
6,hispanic,names,10.1762592270414,
7,hispanic,church,9.95199439137214,
8,hispanic,population,9.81806758816722,
9,hispanic,countries,9.4262374800497,
10,hispanic,community,8.88347747781351,
11,poor,hispanic,8.74087308237071,
12,looks,hispanic,7.34290909645081,10.5418910894108
13,hispanic,may,6.82769200705562,
