,word1,word2,PMI,
0,african,americansmeme,15.9132248212076,
1,african,countrythat,15.9132248212076,
2,african,migrants,14.3282623204864,
3,african,gangsta,12.3282623204864,
4,genetically,african,12.2127851030665,
5,african,penguins,11.8257619799572,
6,african,prostitute,11.8257619799572,
7,african,descent,11.5912967263202,
8,african,armies,11.4537932025703,
9,african,heritage,11.05524382608,
10,starving,african,11.05524382608,
11,african,scientist,10.665297307764,
12,african,americans,10.5823079430929,
13,african,journal,10.4869600665055,
14,african,immigrants,10.2985149770924,
15,african,cultures,10.2127851030665,
16,african,governments,10.0305817718457,
17,corrupt,african,10.006334225599,
18,south,african,9.88642476186384,11.6403966082836
19,african,nations,9.45379320257026,
20,african,queen,9.45379320257026,
21,african,american,9.30589450745795,
22,native,african,9.15833731904409,
23,african,politicians,8.98248748364467,
24,african,redditor,8.93594489770764,
25,young,african,8.45379320257027,
26,african,countries,8.38184336069125,
27,west,african,8.28386820112795,
28,african,bush,8.21278510306647,
29,north,african,7.84176245865094,
30,key,african,7.61401680282028,
31,regular,african,7.57337481832294,
32,popular,african,7.37406601009953,
33,african,decent,7.34336921287661,
34,laws,african,7.19897930354144,
35,african,country,7.15167358876308,
36,african,current,6.8284164334032,
37,african,children,6.65819625138883,
38,tried,african,6.15500160648084,
39,african,food,5.95902851082069,
40,part,african,5.0459460814979,
41,keep,african,5.04054994093696,
42,african,game,4.25993187582474,
43,african,thing,4.04981286226592,
44,african,time,3.06655913930782,
