,word1,word2,PMI
0,tran,siu,20.95454156585186
1,councillor,tran,18.189006819488885
