,word1,word2,PMI
0,lgbtq,organizations,12.549400102715516
1,lgbtq,youth,12.183712519819371
2,lgbtq,politics,10.86416445578395
3,treat,lgbtq,10.831972373635415
4,lgbtq,community,10.348043816350161
5,lgbtq,population,10.235152744909778
6,young,lgbtq,9.418002926055905
7,lgbtq,people,4.901540567734376
