,word1,word2,PMI
0,hetrosexual,couples,14.737310849631193
1,attacking,hetrosexual,13.83663877675783
2,feeling,hetrosexual,11.361150443060124
3,hetrosexual,people,6.901540567734376
