,word1,word2,PMI
0,caucasian,colourization,18.833526164890493
1,caucasian,cashiers,13.052166451365837
2,caucasian,persuasion,13.052166451365837
3,intoxicated,caucasian,11.938708401582552
4,caucasian,reporters,11.9146629276159
5,caucasian,populations,11.74076902397064
6,caucasian,ethnicity,11.263670556559548
7,populations,caucasian,10.740769023970644
8,caucasian,russians,10.73549408192997
9,caucasian,dominated,10.668619238214808
10,caucasian,characteristics,10.62895502064129
11,distinct,caucasian,10.226195851140885
12,iama,caucasian,10.204169544810886
13,caucasian,traits,10.1158497418241
14,caucasian,refers,9.944782915992235
15,dutch,caucasian,9.764747886905083
16,caucasian,breed,9.631402341060033
17,skinny,caucasian,9.465019703382803
18,purely,caucasian,9.071974932446018
19,caucasian,falls,8.82369754752239
20,caucasian,muslim,8.560896379914126
21,caucasian,oil,7.959313230059617
22,caucasian,background,7.7106981700828285
23,caucasian,ride,7.407261410188397
24,caucasian,individual,7.383345917725741
25,caucasian,boy,7.371535214304924
26,caucasian,americans,7.338670580399295
27,caucasian,skin,7.246686376928668
28,calling,caucasian,7.139168277669043
29,caucasian,woman,7.068240066166808
30,considered,caucasian,6.921011020088098
31,caucasian,decent,6.883699454131385
32,assume,caucasian,6.704887352037897
33,term,caucasian,6.596913964674744
34,clearly,caucasian,6.542067646108151
35,poor,caucasian,6.352483589956741
36,caucasian,general,6.2009852883436025
37,class,caucasian,6.058533255957318
38,caucasian,coming,6.001031680554384
39,caucasian,american,5.9786577816302575
40,white,caucasian,5.8448414781183295
41,non,caucasian,5.839703228144579
42,half,caucasian,5.658288514599455
43,says,caucasian,5.593032941013696
44,caucasian,person,5.5341750290941505
45,caucasian,side,5.4507670608340035
46,caucasian,home,5.418840929083281
47,caucasian,man,5.338170772654511
48,caucasian,instead,5.27510545162183
49,call,caucasian,5.190684726856876
50,buy,caucasian,5.138950627364508
51,many,caucasian,4.9358697536393485
52,caucasian,high,4.88160403612919
53,caucasian,either,4.838288994441438
54,old,caucasian,4.615644177190962
55,caucasian,people,4.365487667494168
56,thought,caucasian,4.362041459780706
57,said,caucasian,3.9186739143754963
58,need,caucasian,3.677996375297333
59,caucasian,actually,3.642428384390115
60,say,caucasian,3.383152574484395
61,even,caucasian,3.02245256603695
62,one,caucasian,3.021812814987765
63,like,caucasian,2.56175312509432
