,word1,word2,PMI
0,cisgender,women3rd,22.10654465929691
1,cisgender,woman,10.341258560573225
2,white,cisgender,9.117859972524744
3,cisgender,person,7.807193523500569
4,cisgender,people,6.316578067013218
