,words,cos_sim_scores,sim_score
0,cisgender,0.4296911954879761,1.0
1,man,0.0058249132707715034,0.4142471253871918
2,male,0.21012690663337708,0.6965779066085815
3,boy,0.09275081753730774,0.5343725085258484
4,son,-0.17723706364631653,0.16126853227615356
5,father,-0.18865090608596802,0.14549541473388672
6,husband,-0.0786454901099205,0.29751503467559814
7,brother,-0.16368432343006134,0.17999745905399323
8,white,-0.14452825486660004,0.20646977424621582
9,caucasian,0.14306439459323883,0.6039022207260132
10,european,-0.29393523931503296,0.0
11,norwegian,-0.16709820926189423,0.17527970671653748
12,canadian,-0.29081210494041443,0.0043159485794603825
13,german,-0.15885032713413239,0.1866776943206787
14,australian,-0.2520683705806732,0.05785701796412468
15,english,-0.1543789803981781,0.1928567737340927
16,french,-0.19335918128490448,0.1389889270067215
17,american,-0.2458065301179886,0.06651043891906738
18,swedish,-0.1214955747127533,0.23829929530620575
19,dutch,-0.1754501909017563,0.16373786330223083
