,word1,word2,PMI
0,husband,gringo,14.395376516344943
1,husband,fulfills,12.810414015623786
2,husband,greets,12.810414015623786
3,husband,bjs,12.073448421457579
4,exemplary,husband,11.810414015623786
5,donors,husband,10.810414015623786
6,husband,shook,10.810414015623786
7,husband,pagan,10.39537651634494
8,husband,jerking,10.307913675094603
9,husband,herpes,9.810414015623785
10,abusive,husband,9.780666672229733
11,husband,kissing,9.441180205958068
12,greg,husband,9.003059093566181
13,husband,presumably,8.780666672229733
14,ing,husband,8.751520326570216
15,husband,proposed,8.66745606178174
16,husband,speaks,8.640489014181473
17,caring,husband,8.09159576816784
18,husband,ordered,7.985985580207238
19,crappy,husband,7.919643085378544
20,husband,replied,7.887581876146244
21,husband,sexually,7.887581876146244
22,husband,installed,7.7806666722297315
23,muslim,husband,7.464639178782056
24,husband,refuse,7.340094080843752
25,husband,loves,7.1859231507159915
26,husband,chicken,7.037824511726859
27,husband,grew,6.817947688309193
28,husband,calls,6.810414015623785
29,boys,husband,6.802919479076861
30,husband,boyfriend,6.600960649994837
31,fantastic,husband,6.435374584276861
32,husband,starts,6.418096592845025
33,lucky,husband,6.401023079486084
34,husband,knows,6.398197035407321
35,husband,uses,6.367470519775058
36,husband,thinks,6.109974297482694
37,husband,ended,5.977524001459042
38,husband,feels,5.911560739080684
39,husband,follow,5.856217705236908
40,husband,decided,5.670862663224991
41,husband,gave,5.375785787987059
42,husband,looked,5.321235053592435
43,husband,worked,5.089314826916599
44,type,husband,4.823623872841395
45,husband,funny,4.771495026331483
46,taking,husband,4.620589456743769
47,new,husband,4.586412341425682
48,husband,wanted,4.467598554262597
49,husband,says,4.455797302030248
50,husband,took,4.3939683219521335
51,husband,....,3.9796347480548526
52,husband,tell,3.5632776703058084
53,husband,may,3.2654495828345453
54,husband,used,3.165956828114524
55,husband,even,2.9173653451688963
56,husband,said,2.798255087555372
57,husband,...,2.619354801092129
58,husband,back,2.567636867537985
59,first,husband,2.445185166372241
60,husband,would,2.4120265886684855
61,husband,still,2.2548662439767213
62,way,husband,2.0105927662515874
63,husband,get,0.9678017687798501
64,husband,one,0.91685966866849
65,one,husband,0.91685966866849
