,word1,word2,PMI
0,caucasian,filing,14.449824300367318
1,caucasian,comedians,14.06280117725807
2,overweight,caucasian,12.506407828733686
3,caucasian,monsters,12.084174828050637
4,caucasian,county,11.980339017066097
5,meant,caucasian,9.070779234681593
6,poor,caucasian,8.933518160313103
7,obviously,caucasian,8.78832024477317
8,word,caucasian,8.35260249265465
9,caucasian,unless,8.350982396986488
10,caucasian,man,6.9703549284934745
11,caucasian,people,4.659789153683072
