,word1,word2,PMI
0,dutch,rudder,16.202731438402544
1,dutch,snitched,16.202731438402544
2,panmy,dutch,16.202731438402544
3,dutch,mongoloid,15.202731438402544
4,dutch,cartoonist,14.61776893768139
5,enameled,dutch,14.61776893768139
6,dutch,kickboxing,14.202731438402544
7,dutch,ovens,13.61776893768139
8,pennsylvania,dutch,13.39537651634494
9,dutch,settlers,12.880803343515183
10,dutch,troop,12.880803343515183
11,dutch,oven,12.115268597152209
12,royal,dutch,11.61776893768139
13,dutch,grandpa,10.880803343515185
14,dutch,troops,10.447843936239076
15,dutch,offered,10.39537651634494
16,dutch,shell,9.95480392495896
17,dutch,spelling,9.421371724877886
18,dutch,notes,9.27199410083966
19,dirty,dutch,8.917329219540298
20,german,dutch,8.671349977886232
21,speak,dutch,8.629084250909225
22,dutch,industry,8.131269075845923
23,dutch,population,8.06318008600375
24,dutch,sit,7.698905700406796
25,killed,dutch,7.621530856477587
26,dutch,sound,6.597251920340877
27,damn,dutch,6.491925004703193
28,dutch,men,6.294338817628795
29,find,dutch,4.670862663224991
30,dutch,people,4.297219074298365
31,going,dutch,4.054572665464651
32,dutch,...,2.8417472224285767
33,dutch,would,2.6344190100049296
