,word1,word2,PMI
0,swedish,chefian,16.957618940566014
1,swedish,televison,16.957618940566014
2,rutten,swedish,15.957618940566014
3,swedish,expedition,14.372656439844858
4,featuring,swedish,12.957618940566014
5,swedish,parliament,12.372656439844858
6,blonde,swedish,11.60006693594793
7,sells,swedish,11.229698486002814
8,swedish,fish,10.835222309206289
9,washington,swedish,10.7876939391237
10,swedish,flag,10.357706098378886
11,dig,swedish,10.342909096450805
12,swedish,films,10.342909096450805
13,swedish,models,10.16320307421591
14,typical,swedish,9.93525112753756
15,swedish,keyboard,9.787693939123702
16,swedish,jews,9.672216721703766
17,swedish,stock,9.156719040645708
18,among,swedish,9.137439978150825
19,swedish,student,8.854331132153991
20,swedish,movies,8.548228004428312
21,swedish,english,8.239942517499617
22,swedish,bar,8.199395725839288
23,swedish,style,8.153487919382695
24,swedish,women,7.7216047486659285
25,swedish,law,7.387763332235066
26,working,swedish,7.090340200856351
27,swedish,kind,6.162390974537336
28,swedish,one,5.06406459361072
