,word1,word2,PMI
0,australian,coppers,15.807871821061333
1,australian,summerdescription,15.807871821061333
2,australian,herder,14.807871821061333
3,australian,midstrength,14.807871821061333
4,australian,appstore,14.222909320340175
5,kangaroos,australian,14.222909320340175
6,australian,robotics,13.807871821061331
7,australian,pagans,13.48594372617397
8,australian,lightweight,12.63794681961902
9,australian,cattle,12.000516899003728
10,australian,borderline,11.559944307617746
11,australian,accent,11.392834321782491
12,stephen,australian,10.450319816443248
13,australian,sounding,10.135446479089838
14,australian,constitution,10.039687496284404
15,australian,task,9.97498180689659
16,australian,labor,9.785504008032877
17,australian,christmas,9.522469602199084
18,australian,winter,9.09362630339521
19,australian,print,8.913054057753389
20,australian,grand,8.688930748337823
21,australian,citizens,8.559944307617748
22,fellow,australian,8.50409107288423
23,australian,politics,8.230442993025585
24,australian,mass,7.7799658244914465
25,australian,economy,7.758023271610769
26,australian,property,7.7045840126493115
27,australian,animals,7.699347364283161
28,australian,christian,7.441549606815517
29,within,australian,6.793851350746397
30,australian,police,6.7072094820561325
31,dog,australian,6.531747415787095
32,australian,law,6.238016212730384
33,australian,black,5.94989082593376
34,name,australian,5.538745141911914
35,australian,less,5.084210876651348
36,australian,part,4.940593081351672
37,let,australian,4.845698789951623
38,australian,post,4.820607808988793
39,australian,man,4.627962731046399
40,every,australian,4.358207282585138
41,many,australian,4.240391019918288
42,still,australian,3.667361548693112
43,way,australian,3.423088070967978
44,...,australian,2.4468876050873654
