,word1,word2,PMI
0,bokml,norwegian,17.434056984509002
1,speka,norwegian,17.434056984509002
2,norwegian,equivalents,15.112128889621639
3,norwegian,comedian,13.264131983066688
4,norwegian,minister,12.304773967564035
5,speaker,norwegian,12.148654765646754
6,norwegian,novel,11.367967794051228
7,norwegian,wood,10.991113488660273
8,speak,norwegian,9.86040979701568
9,correctly,norwegian,9.84159994724092
10,norwegian,scale,9.812005165052623
11,learn,norwegian,7.902675523992688
12,norwegian,even,4.956045813332956
